ANO4,TRIMESTRE,IPC
2016,2,103.82
2016,3,110.55
2016,4,115.87
2017,1,121.84
2017,2,130.35
2017,3,140.65
2017,4,156.71
2018,1,179.07
2018,2,197.19
2018,3,218.6
2018,4,239.8
2019,1,270.59
2019,2,293.28
2019,3,311.35
2019,4,331.2
2020,1,364.18
2020,2,405.42
2020,3,456.17
2020,4,499.91
2021,1,552.09
2021,2,625.54
2021,3,739.46
2021,4,892.15
2022,1,1062.32
2022,2,1269.32
2022,3,1588.23
2022,4,2023.2
2023,1,2898.08
2023,2,4744.6
2023,3,6062.09
2023,4,6840.07
2024,1,7496.43
2024,2,8078.18
2024,3,8722.11
2024,4,9229.02
2025,1,9894.33
2025,2,10746.07
2025,3,11638.11
2025,4,12146.1
